vehicle_id,round,bid_price,assigned,sbs_id,task_deadline_ms,total_delay_ms,satisfaction_score
0,3,58447.205487400744,True,21,2184.5452089144546,839.6452311553309,0.1832144073008381
1,3,45059.82098550521,True,17,1159.882057433827,493.1699292764403,0.19082032813400623
2,3,49750.727646230735,True,14,2659.2913967841414,1207.6054558381911,0.18449081034880968
3,3,30839.975997463007,True,9,855.8960233658509,811.0558277559884,0.19511097308927478
4,3,23438.774598854627,True,5,2690.4566258575423,1480.9115419556,0.07041768859383866
5,3,67588.89937915912,True,4,1020.407746082305,1342.6347863557148,0.1853811105150772
6,3,58597.41798219767,True,22,2930.7039367331136,1356.2577107891111,0.18074635225654595
7,3,90448.23909012572,True,8,2960.3137762953306,1036.0773371859534,0.1833686221876143
8,3,94682.5101069149,True,23,731.3989001473129,1631.69311206354,0.19192780040572727
9,3,72389.73859815134,True,2,565.6692491674438,684.1499653452323,0.18961140643094643
10,3,70765.26780342699,True,14,1082.7179570247827,981.4807826809648,0.18654733932513362
11,3,31880.801468379872,True,13,2167.4601092157045,1326.9639976779333,0.18362406942520298
12,3,61222.04485706349,True,23,2699.5498918715894,1535.6756603791014,0.17949920305842926
13,3,88732.92400926194,True,3,1258.5716506896304,1321.840598830276,0.18416417549095931
14,3,45552.03415602434,True,19,2202.1669203849133,1190.3244601117974,0.17888887786041982
15,3,43884.190192791764,True,7,2590.768123710836,1646.1712964547278,0.18820076514912445
16,3,66773.85962622533,True,16,2705.2735904195692,544.9380624887845,0.18676500029151308
17,3,66318.11117551218,True,12,1845.6524389704896,1097.9869890681766,0.19747850851621837
18,3,71509.15898007603,True,13,1201.6210216453096,1474.9752947232623,0.18029232537481624
19,3,37148.909389149725,True,23,1870.469295730962,1052.875985062473,0.1800540651869873
20,3,65558.2610762866,True,6,971.441396777042,1243.738152630367,0.199354590561888
21,3,88438.66244378756,True,12,1806.3090951759148,1205.7742439585193,0.18522210493665286
22,3,19690.53481691207,True,12,2334.8679461800857,558.3783958353039,0.18522682434605414
23,3,32698.524416420012,True,12,852.763758072268,1179.81393958638,0.07041769002358964
24,3,20700.977913688454,True,22,1232.148106517739,1232.0202623443386,0.1788671263548097
25,3,19355.439662509692,True,6,1602.2737154006231,1486.676319429221,0.0704176937393254
26,3,24447.258087506405,True,8,2661.087189865379,721.9275646158659,0.18898945718727017
27,3,70931.29580857916,True,21,952.8953303052936,1248.7241960035415,0.22112107982930604
28,3,79035.43852783066,True,3,1844.6012232482262,658.2396997752185,0.1903957446752937
29,3,34520.08623454579,True,9,1315.3434463505857,1004.0384324077904,0.17967747129274997
30,3,88015.93766027625,True,1,2410.997498944351,1334.007641328042,0.18824792919957734
31,3,7318.2739161290265,True,8,2604.9130151290565,1023.2775858930557,0.07041769799465397
32,3,61141.88818432675,True,3,2848.1009114405656,1383.0550040417202,0.1811393911745282
33,3,64103.72734819253,True,0,2269.759103816591,1626.3967121359835,0.18994660160279855
34,3,50708.95198560944,True,22,1111.845816890564,1179.6473341064163,0.1817341968311839
35,3,55777.93148615063,True,7,2362.5602100514116,1458.4309360393838,0.1852157582128161
36,3,71404.24339237592,True,19,2883.0062736610507,554.5340628153459,0.18028273786377186
37,3,76668.08636339943,True,6,2784.123236008399,582.9386910553516,0.17959145908345528
38,3,45022.74778243742,True,21,1363.949372783997,1094.1403963533899,0.17975434339177612
39,3,76403.94339474717,True,6,1681.1526044573493,1417.1207129500037,0.18279472718088963
40,3,55225.77836386324,True,3,1970.3248075469733,1367.7276896966625,0.18791452732693112
41,3,69206.45055573122,True,6,1655.6137573042372,1630.845664356089,0.18776777810030984
42,3,69972.89513226284,True,4,1768.059300668804,585.6245971983676,0.20600685658372014
43,3,29659.214212645176,True,19,592.5643483733404,1031.7157797095178,0.07041768956112979
44,3,14778.649743935906,True,5,1053.1222112981177,706.6864720001913,0.07041769214619056
45,3,38374.07000962962,True,8,1873.9163428295656,1343.8548141678623,0.1786558889370438
46,3,47168.37195765606,True,7,676.1187233086248,1577.6928168753354,0.18339503686905123
47,3,36188.411107909356,True,23,1628.43746330032,1100.2406973546597,0.18732306596732812
48,3,22374.399994760042,True,22,2056.0523889524,1002.4930072812659,0.1826784043946124
49,3,38413.827009974804,True,13,802.7303587563399,1488.3154512661724,0.1827187934523818
50,3,71309.94605429072,True,4,2023.9401721154263,1578.5279181495798,0.1850991052562352
51,3,71097.9480760752,True,8,1323.809746109394,940.1815052515481,0.179695376920171
52,3,83178.94879478347,True,23,1802.6455147769573,1438.098972802836,0.18548771967924452
53,3,79761.6190231482,True,6,2732.8503888416,693.7589109440328,0.1809106327675094
54,3,33627.51599256155,True,23,2776.3495941376977,713.7656481553198,0.18276275833072692
55,3,47601.18192748119,True,14,1527.2212954105066,736.794446935894,0.17988559296328818
56,3,44965.30393847702,True,13,808.2800599280874,851.9925518748552,0.19775856887326174
57,3,53355.727816126295,True,13,794.2903559792306,1343.7404912724767,0.20224208134391994
58,3,19540.933715294646,True,16,849.5124385741113,553.2650966398397,0.07041768855427855
59,3,71679.7029613538,True,0,2748.4154541547773,652.4508653755903,0.1784875450253396
60,3,29514.621171263152,True,12,909.3052720097799,568.6121464123951,0.1876216714139712
61,3,64985.04562266648,True,22,543.0048149729781,1388.1751047610464,0.18266850266637455
62,3,56301.394473179884,True,11,1509.392969204553,639.3695687123405,0.22190565315116434
63,3,16761.804433002,True,14,1137.4875012091206,1619.8326874083834,0.07041768904826216
64,3,29097.34626536605,True,9,2487.999028619355,769.4119760279126,0.17983778284809665
65,3,19636.852258303257,True,13,668.8293116537081,448.89942899214066,0.19014133972945618
66,3,24768.391087981036,True,7,2841.2122648692284,743.8364059582295,0.18234738223729116
67,3,66547.27256253657,True,14,1843.3299181038687,1269.4874188504928,0.1840629996475776
68,3,80788.35053609914,True,2,689.8476031906257,1438.314454421881,0.18696525709138845
69,3,84743.75569732515,True,14,1613.390597636486,727.6004677208442,0.18462747935125534
70,3,73431.23044158757,True,13,1270.9490389495818,904.08660805156,0.18014448462990487
71,3,56720.43499395635,True,0,1937.2563299036658,1193.7551267301542,0.21463276033784384
72,3,32258.82944463111,True,14,2431.62689298676,1535.427612987971,0.18741097248050242
73,3,23524.771204560402,True,2,2897.4632648643556,1347.7023097267113,0.19097527116251348
74,3,57794.49423612358,True,8,996.6281500005546,1380.5008369559307,0.18630465420365197
75,3,21910.748355723677,True,15,1972.382697018021,1024.3248207859754,0.21463132366770715
76,3,49026.95596549347,True,10,2834.574657143217,748.0468855933514,0.20958713203163643
77,3,84989.14392730057,True,8,2203.9697139845093,1014.1187699485167,0.19676730175431476
78,3,54700.782574943965,True,0,577.6828916608952,833.2752588926284,0.20822060966478234
79,3,33426.84445438686,True,4,1088.9983330266332,720.0887513954181,0.1820458982286298
80,3,95737.41905762661,True,8,2686.4738333077426,642.0871131960748,0.19304850062125223
81,3,102998.89958408447,True,13,1525.1555042300279,763.6333432646247,0.22799966484568224
82,3,27717.781804760063,True,19,1585.7188924327988,1075.110281200034,0.18186401640604277
83,3,92629.78301411154,True,2,1434.7390967269216,1114.5431528655743,0.18764059234050334
84,3,39458.43527085868,True,3,507.40221493828716,742.788672646852,0.18194618477106558
85,3,21260.288158190404,True,22,2590.4166954126795,611.1354323554414,0.070417689419494
86,3,40609.808565692125,True,3,988.9705320045662,800.4350367816147,0.1992771832040476
87,3,64240.4236042164,True,21,2861.5451058138005,1488.9918911982427,0.17985796472048696
88,3,79466.29177481658,True,3,928.6550957565692,1345.986242781325,0.17902424971309688
89,3,86521.32378810423,True,5,1964.775790985746,1482.5753134053732,0.18366569860082063
90,3,23406.641265273982,True,13,1294.9188242817713,967.3668644611256,0.1810373429536902
91,3,73825.24278840424,True,15,2578.4754029827523,1540.804007184679,0.18464863252546368
92,3,60518.19589170269,True,8,1855.9138625263058,584.9068764556805,0.1863447606490329
93,3,79471.66878788546,True,21,2939.6788168662256,1108.9978544905896,0.18455608705633117
94,3,51963.04013965814,True,18,1413.8070255280263,505.1008212609505,0.18647792201713723
95,3,31510.354446897007,True,18,2603.546591122763,477.1531444221397,0.1821010499735405
96,3,45586.35430467793,True,3,2763.915847489358,1154.801473189076,0.18514454595644078
97,3,40549.25823776966,True,10,2258.883249169019,820.3256323111345,0.18501673842900868
98,3,17536.29399673485,True,13,1241.1623214880744,680.9333371722431,0.07041769130657044
99,3,85217.91628646434,True,21,1358.4282701787263,609.2633695288623,0.18689093400083
100,3,28496.861311466222,True,16,2671.656224992062,823.2112479545318,0.18108758084486895
101,3,61569.1467142354,True,3,2445.648913354293,884.5077837904606,0.185232895933267
102,3,60177.645947568126,True,21,2734.525035644381,1547.6671313442241,0.18149870985154243
103,3,52921.5774735868,True,8,2022.8409373093266,1243.1040872877604,0.18106181767234802
104,3,46270.00317198748,True,8,1988.6469693742888,1557.5295062975931,0.18357430214116716
105,3,43915.6229297981,True,3,2492.774454971138,813.027406655273,0.1865870988088969
106,3,78865.71047035532,True,17,1302.7792299583186,1371.5550646512438,0.20879161068459706
107,3,23024.804289275686,False,-1,2695.5694823281833,892.9691545123239,0.1792486651623445
108,3,78980.33668572524,True,2,1722.8191768223382,1636.6511124635517,0.18626567449339088
109,3,77247.12070485509,True,11,2308.5082003490743,1058.6307656503327,0.1880766494644971
110,3,79604.69754338398,True,23,571.2364055691256,943.4404436133522,0.18331147713414123
111,3,43428.08775014731,True,9,1326.0727296065681,728.4732152126322,0.18308004513538984
112,3,80227.8024006728,True,17,2734.484668001902,1595.3067513937438,0.17915229935344895
113,3,45322.11297149283,True,6,2119.4473195024198,1421.4318634917217,0.19063335557614652
114,3,50924.02651755496,True,8,1539.125161114445,689.5384453051133,0.17861372494432376
115,3,37846.09239539245,True,15,1271.9027995447739,971.4645516545387,0.192093405207269
116,3,18409.9390808387,True,20,2284.9682206153398,877.3659137501754,0.07041769109411929
117,3,30533.87202244265,True,10,1500.4174147180108,1364.742388538291,0.18980310214721394
118,3,29433.778474679388,False,-1,1360.6671457981884,1267.7250537517396,0.18455182474651607
119,3,62647.9765644393,True,5,2402.7609222378187,613.564861809556,0.18424483229848523
120,3,43459.5626079425,True,14,1923.0679130046321,1416.3853601667145,0.1985275695628245
121,3,68993.66058458219,True,16,1808.5957934231706,1529.7853052326907,0.1849213735245594
122,3,72047.14640476395,True,17,1708.2951756460843,1074.1780819841003,0.18616242761404794
123,3,14163.29336102882,True,11,1761.6303072169042,726.6967399343695,0.07041769008502177
124,3,35158.11618269506,True,2,692.1682190883658,593.4342779398864,0.18334777877029046
125,3,89601.28458225883,True,1,764.1891463513607,1095.194223217364,0.18178953203793113
126,3,32717.062677271813,True,11,2762.936530630485,1079.636345404751,0.18469975856879967
127,3,88777.94395110854,True,21,2130.114209542192,1588.8435774627262,0.18265295957861674
128,3,70485.70419924114,True,4,2567.1063650687283,1530.5989368900237,0.1787154289305632
129,3,46863.81420016367,True,23,2543.8548997843764,1339.260481945838,0.19082057426163804
130,3,28478.15741099995,True,23,2311.796042062715,1285.9864254895003,0.1808599104644718
131,3,59703.33739572507,True,4,2273.3496173603444,1496.914737939573,0.18163069810300858
132,3,46249.82247856094,True,0,1927.3137486115493,717.585755522281,0.21437286291489155
133,3,28024.67066577934,False,-1,2574.443888165711,1477.4536392566865,0.1884474713136078
134,3,83941.93895174045,True,15,2692.6110213103098,1678.8537391911725,0.1787725941012727
135,3,66751.51776805958,True,20,624.0808824106712,949.9714557332607,0.18731020091886558
136,3,19159.0037349499,True,10,2211.547857226801,1413.5540625835863,0.07041769166733121
137,3,56140.994235392005,True,1,1775.54917855551,1083.668935000558,0.21533673839622125
138,3,63908.40126996207,True,23,619.375900093088,472.8630713579907,0.1860032402705123
139,3,91960.1619178809,True,14,518.933918331191,917.8544785194454,0.1948295725647529
140,3,77730.09353074543,True,16,1773.7546950447052,1653.5637851604695,0.19155779770358122
141,3,34772.6492077248,True,20,1098.462437192416,767.79206181548,0.20708010363713908
142,3,88043.4824553857,True,20,1349.217237750639,1320.601733177661,0.19057103067850195
143,3,82578.39238603461,True,3,1416.2189753047464,652.5930177890626,0.181040489463871
144,3,58907.11800939826,True,8,1586.568990062553,1605.6836235156788,0.19242470615915463
145,3,71688.3659697442,True,19,754.0220274107055,694.1904520601274,0.19121672746663115
146,3,31675.67930904371,False,-1,2863.2837450399834,1620.8359755705276,0.1816529166968212
147,3,34471.38093793481,True,0,922.7773267611503,642.7168068638008,0.0704177349123376
148,3,59932.688398837025,True,19,2213.0135887562064,822.5703556394187,0.1995092787991022
149,3,58552.13050476058,True,0,2859.414083741726,969.3891234186751,0.18995670982583374
150,3,80384.35266744348,True,7,2583.374971353981,950.3286260356823,0.18157457119879208
151,3,48475.380928162485,True,3,1266.4428987476465,1367.0599264544103,0.1799954227775309
152,3,79567.91318455835,True,11,914.8457809163631,1197.7423180696896,0.18521963594956797
153,3,53878.609013217785,True,22,2549.58569927612,1094.543464134208,0.18231888632604407
154,3,42088.74154612403,True,9,2363.9181934457865,738.8376137062677,0.182628012214774
155,3,86324.81511932866,True,9,2841.199426193272,1687.2998121250453,0.1793048719485204
156,3,31932.902380381292,True,19,1150.9023994579763,1143.934133783816,0.18288034883775192
157,3,36121.78496818125,True,10,982.6482119576933,1303.3335324815641,0.197597998999895
158,3,62542.202436240594,True,19,2065.854672225894,526.8563953819037,0.1983664627898385
159,3,31462.110039885058,True,22,554.8128754944494,1289.99881144472,0.07041774812823838
160,3,46391.41198983868,True,7,2921.02425874901,1641.3203909270308,0.18877300001371342
161,3,49535.94620904009,True,7,2711.3612851570892,1481.5460446478342,0.19135414972122372
162,3,54805.24103420998,True,16,2128.9606940928797,866.5905658943669,0.18481888577918332
163,3,29992.219834021344,True,2,582.1753299789938,1285.5160573006415,0.18034873660302117
164,3,75594.19032685629,True,1,2827.520951148631,632.0623757094448,0.18664414333458276
165,3,36888.75748802173,True,23,595.933875595956,1210.4553160016128,0.20126758856684407
166,3,18989.256394271626,True,6,2475.270673656959,1438.6340977905793,0.07041769051607269
167,3,47692.851701981774,True,7,1005.7419669311811,639.0560233617647,0.18009611838365877
168,3,79328.93765942851,True,1,1045.2263923343849,1625.1218228691455,0.1838389044745697
169,3,34858.29174745067,True,12,2555.243965132812,1218.2004501724011,0.07041768818201062
170,3,49357.22730088572,True,11,502.80732197533854,548.210686149122,0.19482739720463452
171,3,23581.2166429292,False,-1,1925.2770083435582,1450.986288523688,0.19222183253682246
172,3,50270.66406292149,True,21,1157.448696890616,890.7721771420535,0.18150068749779844
173,3,95892.34424441287,True,17,2970.2858047802706,1614.6024087174737,0.18657540665130165
174,3,77373.57167043681,True,12,1970.8843690862905,715.7426877609928,0.17895328195407065
175,3,72072.90565647613,True,12,2656.924318628779,1419.9190316357606,0.20104146812263374
176,3,55022.14426879196,True,5,1657.5914677054484,1023.8104352047302,0.18374953065864527
177,3,62418.21913391208,True,21,2655.2168943386578,749.0323623950007,0.18321047007039964
178,3,42715.47116740469,True,19,2534.2270105598677,523.0596503063698,0.1833074228258708
179,3,82316.49543084863,True,21,1808.699536613212,1489.9356848870655,0.18662950103984166
180,3,64526.4463552251,True,5,1104.4600474526314,582.7765466035264,0.1896310813264107
181,3,42005.38651668299,True,5,2774.641309754743,1310.2011290885957,0.18930478397579376
182,3,67922.119956965,True,9,854.9322608083255,1308.406494200063,0.18367055876207505
183,3,27649.5309058418,True,11,1607.1103343880945,863.8221455329569,0.19398847554250884
184,3,23708.647686139702,True,20,2491.917344359491,1608.3890039183818,0.17981896554371016
185,3,15384.693578085678,False,-1,2970.4171034057636,1346.6491579518397,0.0704176902507264
186,3,75769.42223960208,True,8,1240.086953650963,1357.0883110849607,0.18654343640834767
187,3,58884.59392983834,True,8,2127.5914290709197,628.4258468849501,0.18766200072958805
188,3,34767.1352619016,True,12,512.8596140677575,612.2082761115923,0.19876060328070408
189,3,63897.27244283174,True,9,2722.2319389734666,1504.2316740125573,0.20086978512192882
190,3,48959.94314943509,True,9,1016.7450139814936,1580.1755013755878,0.19254049494810307
191,3,66270.0241872105,True,21,1451.5319376920565,911.7419920119919,0.18303323808170843
192,3,68886.17026229751,True,7,1718.602647851857,515.2839829525378,0.18019177703246728
193,3,47935.61920870894,True,9,2107.3290207031714,981.5563928355978,0.19023417864104208
194,3,26234.865529791714,True,7,2937.755022365332,1387.0705982342074,0.19372324560684037
195,3,84642.43616339282,True,14,1899.8927550778972,1447.7749894650449,0.18232538744583193
196,3,66297.7046591634,True,12,2943.443675934933,888.3196841686847,0.1831076573202441
197,3,35288.45392069524,True,12,1778.4195067942496,1231.3703990068796,0.19228419671954933
198,3,82231.68325675673,True,7,589.1632609896811,1139.8096439937449,0.24597895281376028
199,3,20077.24853057972,True,7,2764.182230933367,969.9729243064983,0.18158949506356853
200,3,41685.18555328621,True,22,2637.027380458172,1524.9808219970807,0.18136638121784646
201,3,66040.38553510627,True,15,1802.2510399163896,650.216376697152,0.17921790988353445
202,3,67066.99799164143,True,13,2352.6934337683415,1620.3982415887883,0.18602854706507596
203,3,19073.989972335457,True,12,745.346654149709,817.7133189333134,0.18971310714877027
204,3,61200.2128152674,True,18,851.2206276847735,1618.856648412739,0.190738789650285
205,3,60282.80752155603,True,5,2945.6325016117967,888.5048676569456,0.18305112786789537
206,3,54774.75348220357,True,15,2583.118646968387,1317.7673442299056,0.1786076102945251
207,3,33421.40518797088,True,2,2505.8118080556687,967.8579169489084,0.1801330933711946
208,3,32159.934613995287,True,18,1796.4427727491911,1198.7195078550396,0.18505087961707184
209,3,76561.33388063598,True,23,2682.8100457295973,966.1846851768063,0.1862813393224977
210,3,52045.2061530716,True,18,917.478656671901,589.3566152424644,0.17844691770188645
211,3,30396.795246035428,True,7,932.3329924512523,677.4637095886787,0.17892044995096462
212,3,60215.62490584003,True,8,1298.665999261205,638.2597721227545,0.19156012160350394
213,3,48731.57008976999,True,12,1456.5959674204723,1182.2204007417165,0.18702912261441337
214,3,15191.082309590383,True,22,1857.6279820189222,932.5032408790266,0.0704176896994236
215,3,90883.8524731031,True,7,629.8494158770061,927.5409366293943,0.20492185724227024
216,3,19633.458452448085,True,18,2105.420333637965,1260.735444028316,0.1800090627202285
217,3,28415.653301431194,True,23,2204.799465391102,1042.1596763452212,0.18711812950034157
218,3,43600.413514186075,True,4,2257.7179734872534,739.149414435893,0.1935097303590424
219,3,63477.85724178406,True,4,1885.1296451054395,795.6091148981359,0.18636711071827208
220,3,72159.16286693241,True,0,2949.385563678239,537.0963269567768,0.19619156371933646
221,3,27411.144682580845,True,19,1066.0715058000626,763.255554576132,0.0704176904474811
222,3,31912.201590649434,True,13,552.607711452749,1153.1793470989585,0.21239220713947737
223,3,33379.26425120164,True,16,2877.9541953616595,854.3950689827225,0.07041769297918549
224,3,42762.23446149189,True,6,2237.1258912209196,1321.427527973805,0.18341345513993193
225,3,13331.469103459829,True,11,977.6077361928491,492.38649168412076,0.07041769474263171
226,3,24852.224648972457,True,15,1368.2144848076587,641.2920475286646,0.07041768825172834
227,3,50010.78927471739,True,1,2803.6578317352087,693.9280108895116,0.1836490521455944
228,3,83768.7287293594,True,17,1088.9122693397185,1499.5989758890673,0.18812715297814395
229,3,14648.500901077918,True,18,2513.7860031165173,1553.4348257350482,0.07041774375627453
230,3,60381.617630774206,True,2,1296.3804635471251,674.734383692873,0.185448108254379
231,3,39647.28248675821,False,-1,869.6574842265493,1370.1038418031383,0.18118006685699273
232,3,64056.35417950082,True,6,2130.9326925677997,811.1341806256332,0.18130161652106203
233,3,100849.02191314912,True,0,2111.193380374755,1474.5190808471775,0.2150633780724488
234,3,76782.3954827288,True,5,1545.2029586675565,796.0415296987744,0.18540865437238702
235,3,54611.40642206678,True,0,2632.9723820709382,1014.6383979027481,0.23466204551548356
236,3,84536.45267152402,True,15,1522.2915622252267,1171.2815998553979,0.1805440585564617
237,3,51127.44778767595,True,18,2313.1988537126704,1393.11093382404,0.17953910434063444
238,3,79693.69246121681,True,23,1930.6498003515635,1441.5208485111834,0.1838929717329466
239,3,84029.22567544489,True,1,2368.2749325746718,673.9245152627374,0.1792136439128899
240,3,79713.0262877824,True,23,1112.492900972558,565.4086798772126,0.18144320217809326
241,3,101083.35777574634,True,15,1112.1190152799022,1666.774744140852,0.20744405848494024
242,3,85159.86339951225,True,21,806.8221578765456,1064.2139530134086,0.17962545133104407
243,3,26804.732520309568,True,19,1513.9347038732953,1316.5160113828797,0.17929701530771522
244,3,48244.109634442975,False,-1,683.2771524524521,1625.7454398499622,0.19231526335906873
245,3,78553.48597672436,True,14,1800.8561817986454,676.4740166035291,0.19117041905337723
246,3,70721.95346536867,True,6,1159.7984807326939,1491.9364397078284,0.18327992982940086
247,3,21599.266319107992,True,12,2326.752788281835,1348.198367321291,0.07041769599639454
248,3,84795.29006206544,True,7,2710.3438802668707,576.07634761296,0.202056316798313
249,3,22757.713078156834,True,9,1694.5548144625795,801.9049568660988,0.1804564818585589
250,3,52349.866568720354,True,17,2973.293830640669,539.7053127293436,0.1892997380253961
251,3,66620.96836650679,True,10,1611.8290442343125,1437.3739788791606,0.18334643835448458
252,3,52296.748026286135,True,9,1650.3728119869386,702.217725424458,0.1805885779784168
253,3,84217.20081344139,True,0,1233.5465409849828,1413.9867217078938,0.20823561513079586
254,3,37775.32352744324,True,15,2347.50804588851,1052.1542940688123,0.1816272218120559
255,3,67538.026184507,True,16,2202.058967505656,1330.9789293445785,0.18836133939278432
256,3,77685.92166250735,True,1,2327.4554761159084,720.7381127148581,0.18391714223095593
257,3,76861.05233237059,True,5,2055.3730560927356,1011.1239145289779,0.18437988771218408
258,3,91062.69993448557,True,5,1760.3083466084336,1053.040997524698,0.18321219223889576
259,3,82445.28123383247,True,0,1818.562096708656,1217.8580360558087,0.18949243858673762
260,3,63604.28751212973,True,16,1130.9663227949866,1563.0652776728969,0.1895506422827025
261,3,41130.431006213665,True,1,935.7482248170033,736.747049683093,0.19819269796023165
262,3,22406.878430157696,True,19,2820.0057002304743,960.4378377401681,0.07041768910477522
263,3,31619.83401166762,True,19,2773.340178636408,439.90765518620486,0.1970506725232044
264,3,57346.26701676107,True,14,1332.7652796627317,1453.5834669658732,0.18160317036451024
265,3,116395.69185708588,True,4,2884.7687122504153,1155.1556812347183,0.23522891008986468
266,3,68703.05449980617,True,13,1730.532331293216,838.7608368918825,0.18077536101564123
267,3,40476.92136945774,True,5,1501.7322807567848,734.2628507652958,0.20279855794919763
268,3,58690.60464028231,True,8,509.7344115023401,797.4872548785951,0.18103859603923395
269,3,70535.91578015963,True,12,2184.5743500317894,1217.1666165557879,0.17849012322641
270,3,36419.72544972638,True,0,2209.072075104977,1251.085182037216,0.17944699113701423
271,3,26071.61108895867,True,12,584.8965645915839,499.22608386123034,0.19218066429297997
272,3,68506.95213099726,True,16,2620.3884544100806,1586.7471754176697,0.18562196165310402
273,3,74263.97526886081,True,1,1606.4042565562554,659.4733804750862,0.20725699188182328
274,3,62410.373126142134,True,7,1996.1921983574516,514.725650279062,0.1797205902061057
275,3,34608.82417746481,True,10,637.1090715744666,1310.521898484388,0.18821016655748124
276,3,96146.51612973875,True,14,649.1829392798219,829.0513408930643,0.20223245881176768
277,3,44651.723843731554,True,4,2232.25315873413,1149.7471288369627,0.18223204389546205
278,3,23710.549116271766,True,7,1724.5064049996788,667.1567317217135,0.18786801053806973
279,3,25404.50209477202,True,10,1120.8683121921558,1253.9260581330518,0.0704176946954096
280,3,86953.5180881145,True,9,713.0140038005751,1350.978177552504,0.20618228646411219
281,3,82856.26454173513,True,6,2407.4120777070248,1266.0700062185786,0.18025771532649928
282,3,23611.732691741352,True,2,2428.1442606396586,515.9524509809236,0.17881379360410785
283,3,81161.71223739618,True,20,1948.3301743814634,563.9431996751835,0.18593167920749848
284,3,73283.72707800298,True,16,1589.0521514454374,1345.157911114859,0.19270744524657107
285,3,26705.214356426775,True,17,1639.0172100901768,1055.00014482505,0.19140319881606052
286,3,31822.996003065353,True,22,1362.9156785066161,1615.1331292562425,0.20549111174164858
287,3,55410.29817742652,True,23,2143.891455720406,887.8028691614543,0.19509774895019952
288,3,31849.143217151544,True,15,2586.626214269401,1366.3795342105411,0.07041768916067331
289,3,24008.093308703414,True,2,1666.612561522862,1034.6124377939757,0.17950305443268694
290,3,44219.61653623733,True,10,2471.910338560255,738.5610120457319,0.2072688660070226
291,3,63252.87098775425,True,8,2554.1223405127225,1463.295551840872,0.1825614418423564
292,3,78172.83566182393,True,5,520.386858980491,854.0967099646263,0.18575621218233193
293,3,83094.50011576584,True,10,1923.2151964967977,847.9178862387428,0.1911773370906563
294,3,92764.51701863545,True,18,568.5701900827198,668.1486846528705,0.19364339528399174
295,3,63427.8298847285,True,18,1626.1390764230111,608.464857488899,0.17893791037526383
296,3,79825.88966120963,True,22,1269.5891203098363,486.7739959919877,0.18577693112866137
297,3,74504.82828930063,True,3,1273.3726552120804,1628.3488663787768,0.18458575139824362
298,3,44849.85681004393,True,15,2795.4854046708633,741.6283887235679,0.18452126970097849
299,3,20062.281930695837,True,1,1930.231649810637,447.88032520124193,0.19268001584963185
300,3,61108.54020284412,True,14,2782.958967462862,1564.206549280951,0.1866820069002354
301,3,42070.65609450075,True,16,1964.8492777555364,1022.8668560169441,0.1843830206227569
302,3,23220.099640522378,True,6,1351.8907009226305,1445.8577785505074,0.18201227973588058
303,3,29930.520911502248,True,17,1420.412578107696,1228.714264366875,0.07041768964913465
304,3,51764.31046919045,True,3,918.2328678309946,596.2881852135353,0.17917257168882983
305,3,85045.44635606516,True,4,996.8002173010038,1411.363031504036,0.202373472568113
306,3,39384.907604856584,True,18,1063.7392685813907,912.1992017867003,0.1846663586312035
307,3,67507.73996105569,True,9,1679.535935551154,909.9008018433819,0.1862267323108621
308,3,92833.12262931201,True,11,2075.209420457967,1259.665785505967,0.1925844922484027
309,3,32525.66663582674,True,22,1352.2150662768477,1650.5006577814931,0.0704177014876146
310,3,31133.33636427002,True,15,2967.2839801754862,1105.7252000218207,0.17942716619567425
311,3,55959.428737656635,True,1,2664.088947379129,1356.6097344987825,0.182494669648808
312,3,36281.45135136416,True,22,1136.8372854383645,660.0523219153117,0.18129093887733067
313,3,24941.900818001915,True,2,743.4804136411284,1568.0263674524597,0.18074964115185538
314,3,56190.47571102131,True,17,1064.6173855494108,752.9928285053959,0.2131101799921113
315,3,90231.42211267602,True,17,709.7042922377873,1310.5176590135407,0.18140228917387735
316,3,41204.27708458889,True,13,1288.0447704330386,1560.5404282473567,0.19645375462802012
317,3,69412.16306161816,True,0,595.3745584563412,1124.5971109191398,0.19050037461546807
318,3,53175.59573341175,True,19,1269.8663581068272,1154.7331552775813,0.1869657735109429
319,3,51320.49434448792,True,16,1052.9201773833092,655.6760772708744,0.18747209568280673
320,3,39064.63609680802,True,5,1566.537836512968,601.0342496669563,0.2023073893289833
321,3,72056.57776597996,True,2,1217.5295648247584,1577.8642472328427,0.17872144107878518
322,3,34072.80555609943,True,2,1602.9779676620058,1003.0690362866435,0.07041769399110065
323,3,74067.75856548634,True,10,2737.7888438303316,483.65050510982695,0.18079625765174043
324,3,20678.632454564515,True,5,797.3312896525304,1543.3157442254956,0.18103596824937362
325,3,71313.09682608557,True,9,956.7549236262294,517.010288619349,0.19182856404931903
326,3,78540.79077921096,True,1,2387.5441358014805,948.4312763193917,0.18330191683877334
327,3,82411.10158301263,True,4,659.2345434697647,1177.7289480775546,0.18480737023433677
328,3,35525.50115207615,True,23,807.0679597308538,1012.3700098928198,0.18886196213295056
329,3,87284.2071959199,True,16,1620.5748576314932,1377.8970811121642,0.18045254600850114
330,3,47601.61080613131,True,5,2105.29858607446,1375.454847035864,0.21878756388739107
331,3,27982.72526162855,True,21,1256.8501484769347,523.4899582847745,0.19008328274267433
332,3,74307.5351048761,True,16,1264.1025428073517,1409.0379143394653,0.1909197861016117
333,3,63734.83132111519,True,21,1590.9495741654243,761.125077802907,0.19442654818585786
334,3,19282.383161831218,True,14,850.7711786879661,1492.3593962459568,0.18680419354811956
335,3,33418.69147239084,True,0,559.3460177607236,764.9804129109785,0.19288594555959085
336,3,62893.19079262062,True,4,577.6886633724172,1607.3742644480508,0.179970451821764
337,3,87714.29314386094,True,17,1345.1478861026774,1632.2963316353137,0.1873949682390064
338,3,62574.90082712081,True,20,2500.240487993921,768.7502435917086,0.20167168179716632
339,3,81407.67722303086,True,1,1965.427875525389,1278.20637025169,0.18171426139879696
340,3,45835.5436869906,True,0,1534.9655192933221,715.9475903712441,0.18589133501855667
341,3,42995.44575257557,True,4,2318.5938217657886,1052.2871096023255,0.18554031102427745
342,3,76837.15771440024,True,4,973.6988648193202,1113.797571364975,0.17833808569322449
343,3,73806.71054557493,True,11,1333.1727353433726,1454.938656846915,0.18718798139190673
344,3,71556.81627291795,True,18,2270.6084214175285,1253.1519518282687,0.1917634121599777
345,3,88329.05943610455,True,5,2119.5015283448333,877.0018655272976,0.17973026787148738
346,3,7545.240284547991,True,6,548.6177584533099,1602.3605002593476,0.07041769676123773
347,3,55878.94985456486,True,9,1468.7333000183648,988.7977061421212,0.22666423763264512
348,3,41647.35637205553,True,12,2353.6726955937943,1078.4014632585784,0.19406290346415528
349,3,22975.64419187463,True,17,1397.9827013789281,440.75970517068083,0.17858464539627897
350,3,31405.705474536728,True,19,2501.345355509665,1151.7366339374234,0.19969869488051897
351,3,86841.44224146144,True,14,2202.097916452127,981.2541001309614,0.18838019367607686
352,3,28590.329282114242,True,8,1381.5472786901357,1196.916452118945,0.1823628871973899
353,3,59504.861173885154,True,22,2488.416643255049,1529.9015707257738,0.18490700365684284
354,3,47796.51355367939,True,15,1329.2765652465623,888.2055139586552,0.18590108075372958
355,3,40654.059202803146,True,23,928.871250767118,1406.8094257304356,0.18392408330765955
356,3,74882.66347810643,True,3,2470.7199336625035,1426.615470223779,0.18514207246657902
357,3,56960.060344893056,True,7,2874.288910879544,1386.294492972456,0.19012062758156173
358,3,72419.67398104857,True,15,1747.7499604817078,1441.1372133463276,0.18313812752919115
359,3,65947.46078920516,True,15,2573.6289744633127,1243.3302186333067,0.1800136853945082
360,3,24239.607313316406,True,18,1882.7406797257277,1492.5781983263382,0.0704176908594521
361,3,47509.66220885879,True,11,2650.5193891033196,789.5110519880022,0.18330108257412162
362,3,24256.058809522343,False,-1,1273.0528046533018,1560.2647416277157,0.18434675170240064
363,3,82977.63213694612,True,16,2013.7680302253193,1535.6635297644023,0.1921979215880114
364,3,14872.36314109639,True,7,2741.3527183246274,473.0419441121612,0.07041771260016011
365,3,65152.61171714507,True,14,1807.209751428157,1481.7749392249373,0.18390372885975334
366,3,56869.70720011538,True,22,2249.440003600868,801.0022482759641,0.2027117253778501
367,3,60859.438123361346,True,16,2023.0627204056766,1364.1141296779133,0.18450236772045503
368,3,57952.10173057698,True,10,2689.774478269489,591.2501884473877,0.19051694616146828
369,3,94679.27825952607,True,11,2672.725031149454,970.2291404415038,0.19243111880129643
370,3,61187.486864716964,True,21,805.2270602690999,993.5340525728116,0.18769197770729404
371,3,49761.47323777767,True,12,2939.3081300200924,1386.4531924327998,0.1837312762557262
372,3,90640.85361735722,True,1,2511.8343283784207,532.370334552082,0.18386825564169829
373,3,43402.28117399651,True,18,2179.7360926085066,1466.8772601580677,0.18817801705838128
374,3,21904.931684493273,True,21,1697.6899875105998,517.4284983954348,0.0704176892759156
375,3,24773.19332375478,True,0,1594.7865212256527,431.37872052856073,0.19299331086599897
376,3,79836.91639889368,True,21,2262.178651211684,1290.0313858471923,0.1859332649577098
377,3,19097.782533956703,True,6,1123.58327734949,447.9364513204303,0.18304836011688624
378,3,88422.82247190228,True,1,1456.7783446002932,1340.7335616803698,0.1880564408047814
379,3,29904.24600109616,True,1,1338.4511283831273,1002.2861893060218,0.17889255028636875
380,3,52765.34105651826,True,14,668.5974604272991,1312.8233528788264,0.19340442037785738
381,3,32586.360883274017,True,17,1154.4107448565119,1155.999211328237,0.1970412580653014
382,3,59012.23074627867,True,20,2339.387460186722,474.3772181534567,0.18013764061914211
383,3,82754.84798906183,True,22,1788.1857350876994,657.1010295157679,0.18043436027786403
384,3,41929.24203149082,True,16,1576.463057072084,980.7586331244989,0.19417276117057936
385,3,64070.442398912564,True,17,1373.1925269799867,1445.5460772880676,0.19565032895245002
386,3,45401.61082593735,True,12,759.10755769775,1478.1662333627821,0.18317741497785628
387,3,57773.67907078337,True,0,1833.9595684967012,987.0947453135277,0.18416904060835204
388,3,81505.04176816036,True,7,526.1732041320714,806.6267308775548,0.18162225892568626
389,3,93337.36543898383,True,9,2587.753324942287,972.4439110151247,0.19374469362273455
390,3,23015.24840517168,True,19,2322.7982579545724,683.0550220279742,0.07041768884837074
391,3,78302.15152576633,True,14,2077.3746110339625,494.3711651136038,0.19244806880838933
392,3,33521.7207485355,True,18,1900.240539768743,1037.685637293572,0.07041771156916139
393,3,114998.69762816755,True,14,2389.5607187883543,1656.6312697397652,0.23083083035402027
394,3,39385.368906265096,True,11,2695.0245117881286,1043.300079027054,0.18344284359821963
395,3,42422.36628802049,True,15,795.6254589785157,633.6902299854511,0.18373503254713802
396,3,50911.91123758073,True,11,2964.100273006904,1105.8888662478896,0.18267213380414377
397,3,89415.28479444607,True,13,1814.851312209311,1683.832821202443,0.1831205209683398
398,3,80495.11414087475,True,12,2468.335691794864,1132.2575029299253,0.18121667462053836
399,3,45276.617653683126,True,15,1621.9007218758902,540.8111550520091,0.1918489195215301
400,3,89608.43371958962,True,11,1948.4022884645299,1415.877868096247,0.17952340433257277
401,3,55835.91977167005,True,11,2916.684252125871,1285.2803140511514,0.18067174531750368
402,3,96263.70909754928,True,0,1115.0243986545943,1418.257401450773,0.21727368397245828
403,3,33041.22265978895,True,17,1232.879703443766,457.16851635655286,0.1864834185149074
404,3,72226.32457260317,True,2,1523.7468892112922,463.6648928263634,0.24402920223246927
405,3,47879.086159063234,True,9,1672.187201541517,1080.3431855495696,0.19578895376421712
406,3,25560.723571472103,True,18,1505.9139473346463,1163.9987052392496,0.19651365108842284
407,3,22805.23001518367,True,0,1506.8904299091782,674.6538537594025,0.0704176882816349
408,3,43640.11589295336,True,19,601.7074887090455,1145.0637536188094,0.18129035288013998
409,3,22489.163941637347,True,17,1679.7602060163003,671.4080125012119,0.18592832502878243
410,3,82644.23178534176,True,6,521.1923017150117,1355.3508108280487,0.18303169025119384
411,3,79846.91118523506,True,5,2741.380909201203,1564.7082958154913,0.18871745944018256
412,3,86437.50781613553,True,8,2800.371083381174,1094.0055099079327,0.18832519397427447
413,3,71999.31626387223,True,13,924.2760865125945,594.5016741280506,0.18063422573803684
414,3,74240.5967209567,True,10,1915.3413004102074,627.7052935607164,0.18026491183993573
415,3,25283.6877191208,True,22,1519.239932986365,946.3707648770437,0.18553522623402793
416,3,74474.34101424958,True,0,2793.808112756642,807.7409676151428,0.18956163003595092
417,3,82095.8953775986,True,8,2264.079612099307,1150.4493929654311,0.1832661444831517
418,3,87210.42597267606,True,3,1711.2133383011205,919.835177962229,0.18122138698412432
419,3,34591.310263099906,True,17,1713.3156534802981,933.9435260724406,0.07041768895221488
420,3,47078.064588385794,True,21,715.025155939608,866.4272763700176,0.18340069880574003
421,3,7527.6400359127465,True,6,2014.9844337546454,858.7207877498558,0.07041768882792526
422,3,52234.53000376567,True,15,1759.7238355303084,516.7136009700223,0.17861778401393763
423,3,67697.30159146865,True,4,2190.1201240138453,1195.921516776147,0.1980569389904314
424,3,14523.22251937889,True,3,1188.15618868705,442.9280270972233,0.07041769540874518
425,3,21686.32660532786,True,10,866.2863452334739,896.4620112644448,0.1945379540995555
426,3,93545.6360071929,True,11,2026.5750509469678,1397.335758606208,0.18957358840960148
427,3,84130.46729474419,True,19,1079.1517066516246,1564.5828088563535,0.18308184188181525
428,3,64999.03953471639,True,11,1485.3339077659543,795.9961671641515,0.20358288727104557
429,3,81278.60509569709,True,2,994.7620008298998,1392.6495260167226,0.2002730941800728
430,3,50596.78351469205,True,20,1169.6150417751674,710.4516222856153,0.1804347571233562
431,3,83225.78141356856,True,3,2780.029724275951,1319.694936449104,0.20345369208216624
432,3,32313.286583792287,True,1,1726.7993643221807,768.4861088501168,0.2160558221193108
433,3,66674.16067659638,True,6,1162.8667880061303,590.2485149422703,0.20208828777067878
434,3,23184.063738733195,True,3,1480.9723112387082,739.8879747539365,0.07041770211222706
435,3,20661.527931415527,True,17,2300.86603284493,648.6477655876008,0.07041769548213896
436,3,20532.173549713996,True,10,696.5675024047545,1283.0381006020245,0.2030279378043812
437,3,22045.773912580997,False,-1,760.2087374214066,977.9366868306647,0.18131704599633436
438,3,78904.91825744593,True,11,1573.263125881861,1473.0134054913858,0.18353044572207022
439,3,16195.504659121283,True,12,1312.6862591512954,475.50077200327485,0.07041773461916759
440,3,50558.30576395495,True,5,1299.2833462626722,1457.348664373657,0.19622142904656784
441,3,34786.594909038475,True,19,1612.1231721268773,1249.9149512045112,0.2096611468445933
442,3,57919.39558602336,True,23,2703.5911783584093,1081.3504124618698,0.19283381900349358
443,3,97954.11016130641,True,20,2342.0374370583504,1345.3221298233727,0.20071527337625505
444,3,67840.21513524721,True,1,1177.912582999721,617.6473733534159,0.17909519563756546
445,3,81615.51490826065,True,5,2989.4992107419725,1024.1699954715064,0.18746165512480834
446,3,60700.05908752553,True,10,1512.8195522784256,1426.824945896319,0.18106195875658457
447,3,58082.183763173976,True,12,2755.3515524281975,803.4082561312981,0.1932026576175807
448,3,11863.97554079646,True,23,2559.4830786123944,833.9209799510469,0.07041769001836344
449,3,55749.606029636816,True,19,2091.0032166631054,1086.0459379141912,0.18101133545815867
450,3,10801.412580157888,True,18,1687.6878428178918,1390.0574513272988,0.07041769022727155
451,3,61825.69630829791,True,12,2410.283394480086,1240.8125677213616,0.19342376506248357
452,3,59865.342480179665,True,15,2545.402873693404,934.5614761119564,0.18028078445642698
453,3,48889.67654822227,True,11,695.6568976770586,711.9523779546394,0.1806831319760826
454,3,47419.14551952301,True,4,1277.0505457723575,893.3381814680722,0.181313676661008
455,3,30253.95000883936,True,10,2193.7184980124102,1410.2863383172685,0.07041769147293195
456,3,58854.67288569423,True,10,1408.8740259746046,499.87200992269254,0.18413455829653547
457,3,63841.9478036756,True,19,1071.9070593328013,928.9345553659255,0.20285132748698428
458,3,48227.373304578796,True,23,1449.036218979495,548.833613734706,0.18206066657770004
459,3,53617.436368821895,True,10,2794.3675337710174,1582.4674639030284,0.1928246904617798
460,3,41227.25517028841,True,19,764.0016109676321,1382.3142213524393,0.18523384198135606
461,3,18469.735427169162,True,7,1855.99488987074,572.4194336447023,0.0704176922790436
462,3,36859.09468516675,True,3,2073.98186547818,1005.6693834229652,0.19852404590574632
463,3,82034.67218532776,True,23,2472.1362980212425,1188.8570554032763,0.17968578634658264
464,3,55868.33525004858,True,20,619.5179303114616,1473.4125099928347,0.18508558234820832
465,3,27104.931100997324,True,21,2785.5785761054467,461.25718949898044,0.1821787812618509
466,3,49308.5901042805,True,5,2926.367628994734,941.824340993416,0.18458736477294047
467,3,65739.4996047283,True,1,646.1237738866237,887.7733895001015,0.19074151073374282
468,3,76112.89932237264,True,19,2791.233990413758,650.4023267340225,0.18484912339767035
469,3,12307.923380308745,True,2,1509.9732483328094,959.082980146519,0.07041768999233973
470,3,10411.273916174849,True,3,2371.8554501648277,685.7908484499081,0.07041769689302999
471,3,37558.88739750309,True,8,1492.8346264343652,1510.3910231088125,0.18880445560299564
472,3,37619.4677038791,True,17,1042.3711244975902,1249.7844309437266,0.18978299435482818
473,3,51839.95548608467,True,16,2091.765548519585,949.3105304602508,0.1930634374388729
474,3,90890.43678699649,True,17,1736.6411514451033,1435.023570170058,0.18880769729835248
475,3,23440.64769115014,True,3,1685.8985644874278,781.796363929812,0.1810985587776956
476,3,62719.33685992356,True,13,2130.9644385857287,938.204055088991,0.18483715909769216
477,3,50522.40531963327,True,21,2336.584635958604,803.6114078316123,0.18761344734241964
478,3,54103.12083752564,True,0,2826.617252016372,1491.4322650161719,0.18116466854696892
479,3,46895.404092997625,True,10,2174.659161889138,1398.001201843507,0.19309346391505772
480,3,77815.5923964827,True,22,2513.664860647954,1311.1074765789706,0.1860243185993054
481,3,68458.20965642884,True,4,2903.6528814597445,591.3838107609754,0.1886169694483215
482,3,9367.623243037722,True,10,682.3280989325293,458.9046511119665,0.07041768943829677
483,3,62700.6179529058,True,23,1325.9087816554415,917.8904111635367,0.1905446384120806
484,3,24787.149803513727,True,7,2216.2720475565457,687.8344078351083,0.19064531387703532
485,3,63496.10145674433,True,10,2810.983654325441,796.801584943772,0.23364669229897506
486,3,65544.95752806749,True,20,748.5966189199953,1168.1103425741255,0.18320388300557877
487,3,61765.4583371938,True,3,2432.403618640111,1596.6940673972435,0.18234715338989982
488,3,11008.150551819628,False,-1,1770.4502008085772,1016.8124254929929,0.07041769241692339
489,3,83996.23587507913,True,22,2492.24910310896,1558.0015748921396,0.21817002841823324
490,3,56989.24754921477,True,1,2609.7212157221575,1409.2949968642486,0.1786853764018851
491,3,64808.45420353002,True,9,2322.392189411459,1395.9794084570221,0.1893784975639849
492,3,9512.166775812013,False,-1,1698.8751554908267,946.7270188325255,0.07041769195312265
493,3,72855.89521785814,True,9,1876.4458735373707,1181.0364073074177,0.19631808257834216
494,3,70462.05827028635,True,1,1340.1057906108283,953.0648429533844,0.18307581447471225
495,3,71168.80358778103,True,11,2852.099036715686,1601.80301989056,0.17870532026606653
496,3,89081.07133864997,True,4,2286.488935669872,1127.7325948952926,0.20026854467463845
497,3,22833.91876206007,True,15,1641.8681960500817,680.194644971521,0.07041768931121518
498,3,93277.28284702958,True,16,1132.8216689217672,823.6235786129595,0.1999862407615873
499,3,84846.75693101645,True,1,2053.0512393653103,1664.361021758882,0.1801089549473501
